User,1,adewaleabiola78@gmail.com,Adewale
User,1,testtesting@test.com,test,testing
User,2,testtwo@testing.com,test,two
User,1,adewaleabiola78@gmail.com,adewale,abiola,Adecodes,adewale111
User,1,austin@gmail.com,chukwuemeka,austin,Austino,austin123
User,1,peace@gmail.com,Surefunmi,Kolade,None,none123
User,1,acodesham@gmail.com,codes,ham,codesham,",codesham111"
User,1,joker@gmail.com,jo,ke,joker,joker12345
